{"cameraMode":{"drawMode":0,"name":"Shaded","section":"Shading Mode"},"sceneLighting":true,"audioPlay":false,"sceneViewState":{"m_AlwaysRefresh":false,"showFog":true,"showSkybox":true,"showFlares":true,"showImageEffects":true,"showParticleSystems":true,"showVisualEffectGraphs":true,"m_FxEnabled":true},"in2DMode":false,"pivot":{"x":-0.11212143301963806,"y":-0.2065894603729248,"z":1.2010834217071534},"rotation":{"x":0.010347251780331135,"y":-0.6000704765319824,"z":0.006899442058056593,"w":0.8008683323860169},"size":0.19525855779647828,"orthographic":true}