{"cameraMode":{"drawMode":0,"name":"Shaded","section":"Shading Mode"},"sceneLighting":true,"audioPlay":false,"sceneViewState":{"m_AlwaysRefresh":false,"showFog":true,"showSkybox":true,"showFlares":true,"showImageEffects":true,"showParticleSystems":true,"showVisualEffectGraphs":true,"m_FxEnabled":true},"in2DMode":false,"pivot":{"x":-0.20223784446716309,"y":-0.15663596987724305,"z":1.1967499256134034},"rotation":{"x":0.023594701662659646,"y":0.23534905910491944,"z":-0.006345927249640226,"w":0.9724382758140564},"size":0.44724899530410769,"orthographic":true}