{"cameraMode":{"drawMode":0,"name":"Shaded","section":"Shading Mode"},"sceneLighting":true,"audioPlay":false,"sceneViewState":{"m_AlwaysRefresh":false,"showFog":true,"showSkybox":true,"showFlares":true,"showImageEffects":true,"showParticleSystems":true,"showVisualEffectGraphs":true,"m_FxEnabled":true},"in2DMode":false,"pivot":{"x":0.04847969859838486,"y":-0.02992100454866886,"z":1.0728449821472169},"rotation":{"x":0.0019080507336184383,"y":0.003412974998354912,"z":-0.0005394690670073032,"w":1.000775694847107},"size":0.1459641307592392,"orthographic":true}