{"cameraMode":{"drawMode":0,"name":"Shaded","section":"Shading Mode"},"sceneLighting":false,"audioPlay":false,"sceneViewState":{"m_AlwaysRefresh":false,"showFog":true,"showSkybox":false,"showFlares":true,"showImageEffects":true,"showParticleSystems":true,"showVisualEffectGraphs":true,"m_FxEnabled":true},"in2DMode":false,"pivot":{"x":0.028271542862057687,"y":0.053256042301654819,"z":0.028271542862057687},"rotation":{"x":0.013977055437862873,"y":-0.851509153842926,"z":-0.02273493818938732,"w":-0.5236974954605103},"size":0.12279809266328812,"orthographic":false}